saúde,caso
saúde,contaminação
saúde,curva
Político-social,alarmismo do coronavírus
Político-social,avalanche de cadáveres
Político-social,ação de combate
Político-social,ação preventiva
localização,bh
localização,bhte
Político-social,bolsominio
Político-social,bolsomorte
Político-social,bolsonero
saúde,Covid-19
Político-social,confinamento
Político-social,distanciamento social intermitente
saúde,exame
saúde,lixo domiciliar
saúde,pico
saúde,cura
saúde,doença
saúde,h1n1
saúde,influenza
saúde,imunidade
saúde,luva descartável
saúde,medicamento
saúde,cloroquina
saúde,hidroxocloroquina
saúde,paciente
saúde,grupo de risco
saúde,respirador
saúde,serviço de saúde
saúde,UBS
saúde,UPA
saúde,UTI
saúde,Tele-UTI
saúde,cuidado intensivo
saúde,diagnóstico
saúde,hospital
saúde,internação
saúde,leito
saúde,telemedicina
saúde,tenda de higienização
saúde,sintoma
saúde,tosse seca
saúde,infecção no pulmão
saúde,subnotificação
saúde,teste
saúde,tratamento
saúde,vacina
saúde,óbito
saúde,profissional da saúde
saúde,anders tegnell
saúde,enfermeiro
saúde,mandetta
saúde,mandetta
saúde,médico
saúde,conselho de medicina
saúde,OMS
saúde,higiene
economia,redução de salário
saúde,doença do coração
Político-social,estratégia de isolamento
Político-social,fake
saúde,gente morrendo
localização,sp
economia,banco mundial
economia,agricultura brasileira
economia,ajuda aos estados e municípios
economia,arrecadação de impostos
economia,queda na arrecadação de impostos
economia,arrecadação de impostos
economia,auxílio emergencial
economia,cenário de austerilidade
economia,comércio
economia,crise de abastecimento
economia,emprego
economia,exportação chinesa
economia,funcionário infectado
economia,indústria de games
economia,operadora de turismo
economia,perda de receita
economia,plano marshall
economia,redução da burocracia para importação de produtos
economia,redução da frota
economia,retomada do crescimento econômico
economia,salário
economia,venda internacional
economia,auxílio financeiro
educação-ciência,UFRRJ
educação-ciência,alimentação de estudantes
educação-ciência,instituição privada
educação-ciência,sem aula presencial
educação-ciência,ICMC
educação-ciência,UFMG
educação-ciência,USP
educação-ciência,cientista
educação-ciência,valor da mensalidade
localização,EUA
localização,argentina
localização,buenos aires
localização,brasil
localização,acre
localização,amapá
localização,bahia
localização,brasília
localização,campinas
localização,ceará
localização,manaus
localização,maranhão
localização,minas gerais
localização,belo horizonte
localização,paraná
localização,curitiba
localização,pernambuco
localização,piauí
localização,rio de janeiro
localização,roraima
localização,porto velho
localização,santa catarina
localização,são paulo
localização,paraisópolis
localização,tocantins
localização,china
localização,coreia do sul
localização,epicentro da pandemia
localização,europa
localização,dinamarca
localização,espanha
localização,itália
localização,nova zelândia
localização,portugal
localização,paraguai
localização,turquia
localização,índia
Político-social,aglomeração
Político-social,ansiedade
Político-social,arma biológica
Político-social,cadastro de imigrantes
Político-social,combate à ignorância
Político-social,comunista
Político-social,comunavírus
Político-social,ditadura comunista
Político-social,invenção comunista
Político-social,propagação do coronavírus é coisa de comunista
Político-social,consumo de álcool
Político-social,corrupção
Político-social,esquema de rachadinha
Político-social,roubo de bilhões
Político-social,soro anti-coronavírus
Político-social,água tônica protege de coronavírus
Político-social,crime de racismo contra chinês
Político-social,crime sanitária
Político-social,direito a informação
Político-social,direito do trabalhador
Político-social,doação
Político-social,estado golpista
Político-social,facista 
Político-social,fake news
Político-social,feminícidio
Político-social,fraude sanitária
Político-social,fundo partidário
Político-social,governo
Político-social,alexandre fernandez
Político-social,ministério da saúde
Político-social,ministério público
Político-social,plenário
Político-social,senado
Político-social,sérgio moro
Político-social,jair bolsonaro
Político-social,helder barbalho
Político-social,governador
Político-social,wilson witzel
Político-social,vereador
Político-social,selma arruda
Político-social,secretária especial da cultura
Político-social,rodrigo maia
Político-social,prefeito
Político-social,onyx lorenzoni
Político-social,camilo santana
Político-social,imprensa
Político-social,improbidade
Político-social,live
Político-social,mamata eleitoral
Político-social,medida de enfrentamento
Político-social,mp910
Político-social,Mp 910
Político-social,pandemia
Político-social,perservação da ordem pública
Político-social,relaxamento da pandemia global
Político-social,solidariedade
Político-social,taxação de grandes fortunas
Político-social,terraplanista
Político-social,vírus da esquerdopata
Político-social,comitê de enfrentamento
Político-social,controle de acesso
Político-social,controle de fronteira
Político-social,câmera de controle infravermelho
Político-social,isolamento social
Político-social,máscara
Político-social,proteção de índigena
Político-social,quarentena
Político-social,rastreamento de pessoa
Político-social,rota de dispersão
Político-social,suspenção de atividade
Político-social,videoconferência
saúde,pessoa contaminada
saúde,pessoa diagnosticada
Político-social,distanciamento social
Político-social,tentativa de derrubar o bolsonaro
vítima,saúde
Político-social,gripezinha
saúde,hospedeiro do coronavírus
Político-social,helder
saúde,saúde
Político-social,imprensa vermelha
Político-social,jornal americano
Político-social,lei de acesso à informação
Político-social,live nxzero
Político-social,lockdown
Político-social,lock down
saúde,mandeta
Político-social,medida normativa
Político-social,minimizando o coronavírus
Político-social,nações unidas
economia,parcela do auxílio emergencial
economia,plano de estímulo
saúde,remédio
saúde,risco de infecção
saúde,risco de transmissão
saúde,roubo de teste
saúde,taxa de mortalidade
saúde,unidade básica de saúde
saúde,transmissor assintomático
Político-social,video conferêcia
Político-social,videoconferência
saúde,vítima
saúde,vítima fatal
Político-social,witzel
Político-social,zé ninguém de país emergente
saúde,índice de cura
